+0.0E+00,-1.7949120411E+00,-18.7264E-06
+500.0E-09,-1.7884798803E+00,-26.2641E-06
+1.0000E-06,-1.7953140511E+00,-636.0E-09
+1.5000E-06,-1.7981281214E+00,-60.9375E-06
+2.0000E-06,-1.7924999808E+00,-26.2641E-06
+2.5000E-06,-1.7949120411E+00,-26.2641E-06
+3.0000E-06,-1.7981281214E+00,-9.6812E-06
+3.5000E-06,-1.7924999808E+00,-33.0481E-06
+4.0000E-06,-1.7924999808E+00,+12.1781E-06
+4.5000E-06,-1.7957160612E+00,-51.1385E-06
+5.0000E-06,-1.7929019908E+00,+7.6555E-06
+5.5000E-06,-1.7969220913E+00,+24.9921E-06
+6.0000E-06,-1.8009421918E+00,-13.4501E-06
+6.5000E-06,-1.8005401817E+00,+9.9168E-06
+7.0000E-06,-1.7929019908E+00,+27.2535E-06
+7.5000E-06,-1.8069723425E+00,-33.8018E-06
+8.0000E-06,-1.8029522420E+00,+22.7308E-06
+8.5000E-06,-1.7945100310E+00,-15.7114E-06
+9.0000E-06,-1.8049622922E+00,+1.6253E-06
+9.5000E-06,-1.8053643023E+00,+29.5148E-06
+10.0000E-06,-1.7989321415E+00,-45.1084E-06
+10.5000E-06,-1.7981281214E+00,+9.1630E-06
+11.0000E-06,-1.7993341516E+00,+10.6705E-06
+11.5000E-06,-1.8001381717E+00,+3.8866E-06
+12.0000E-06,-1.7969220913E+00,+20.4695E-06
+12.5000E-06,-1.7969220913E+00,-14.9576E-06
+13.0000E-06,-1.8053643023E+00,+17.4545E-06
+13.5000E-06,-1.7941080210E+00,+9.1630E-06
+14.0000E-06,-1.7953140511E+00,+16.7007E-06
+14.5000E-06,-1.8041582721E+00,-14.2038E-06
+15.0000E-06,-1.8089823927E+00,+34.0374E-06
+15.5000E-06,-1.7945100310E+00,-9.6812E-06
+16.0000E-06,-1.8045602822E+00,-636.0E-09
+16.5000E-06,-1.8025502320E+00,+40.8213E-06
+17.0000E-06,-1.7981281214E+00,-61.6913E-06
+17.5000E-06,-1.8150125434E+00,+34.0374E-06
+18.0000E-06,-1.8061683224E+00,+3.8866E-06
+18.5000E-06,-1.8069723425E+00,-33.0481E-06
+19.0000E-06,-1.8049622922E+00,+21.9771E-06
+19.5000E-06,-1.8085803826E+00,+11.4243E-06
+20.0000E-06,-1.8049622922E+00,-14.9576E-06
+20.5000E-06,-1.8009421918E+00,+31.0223E-06
+21.0000E-06,-1.8109924429E+00,-59.4300E-06
+21.5000E-06,-1.8109924429E+00,-13.4501E-06
+22.0000E-06,-1.8130024931E+00,-2.8973E-06
+22.5000E-06,-1.8049622922E+00,-56.4149E-06
+23.0000E-06,-1.8089823927E+00,-31.5405E-06
+23.5000E-06,-1.8093844027E+00,+12.1781E-06
+24.0000E-06,-1.8077763625E+00,+18.2082E-06
+24.5000E-06,-1.8162185735E+00,+34.0374E-06
+25.0000E-06,-1.8109924429E+00,+3.8866E-06
+25.5000E-06,-1.8081783726E+00,+18.9620E-06
+26.0000E-06,-1.8154145534E+00,+45.3439E-06
+26.5000E-06,-1.8061683224E+00,-15.7114E-06
+27.0000E-06,-1.8081783726E+00,+29.5148E-06
+27.5000E-06,-1.8109924429E+00,-22.4953E-06
+28.0000E-06,-1.8093844027E+00,-33.8018E-06
+28.5000E-06,-1.8105904329E+00,-29.2792E-06
+29.0000E-06,-1.8081783726E+00,+7.6555E-06
+29.5000E-06,-1.8121984731E+00,-11.1888E-06
+30.0000E-06,-1.8069723425E+00,+11.4243E-06
+30.5000E-06,-1.8134045032E+00,-21.7415E-06
+31.0000E-06,-1.8101884228E+00,+56.6504E-06
+31.5000E-06,-1.8166205836E+00,+14.4394E-06
+32.0000E-06,-1.8113944530E+00,+24.9921E-06
+32.5000E-06,-1.8190326438E+00,-11.1888E-06
+33.0000E-06,-1.8194346539E+00,+33.2836E-06
+33.5000E-06,-1.8166205836E+00,+40.8213E-06
+34.0000E-06,-1.8222487242E+00,-5.1586E-06
+34.5000E-06,-1.8210426941E+00,+22.7308E-06
+35.0000E-06,-1.8190326438E+00,-3.6511E-06
+35.5000E-06,-1.8238567644E+00,+58.9117E-06
+36.0000E-06,-1.8206406840E+00,+37.8062E-06
+36.5000E-06,-1.8210426941E+00,+49.1128E-06
+37.0000E-06,-1.8194346539E+00,+18.2082E-06
+37.5000E-06,-1.8170225936E+00,-14.9576E-06
+38.0000E-06,-1.8222487242E+00,+5.3942E-06
+38.5000E-06,-1.8226507342E+00,-2.1435E-06
+39.0000E-06,-1.8178266137E+00,-3.6511E-06
+39.5000E-06,-1.8190326438E+00,+15.9469E-06
+40.0000E-06,-1.8250627945E+00,+52.8816E-06
+40.5000E-06,-1.8170225936E+00,-8.9274E-06
+41.0000E-06,-1.8186306338E+00,-36.0631E-06
+41.5000E-06,-1.8210426941E+00,-28.5254E-06
+42.0000E-06,-1.8174246037E+00,-3.6511E-06
+42.5000E-06,-1.8190326438E+00,-67.7214E-06
+43.0000E-06,-1.8222487242E+00,-20.2340E-06
+43.5000E-06,-1.8182286237E+00,-12.6963E-06
+44.0000E-06,-1.8262688247E+00,-23.2491E-06
+44.5000E-06,-1.8218467142E+00,-24.7566E-06
+45.0000E-06,-1.8250627945E+00,-30.0330E-06
+45.5000E-06,-1.8166205836E+00,-39.8320E-06
+46.0000E-06,-1.8218467142E+00,-28.5254E-06
+46.5000E-06,-1.8302889251E+00,-24.0028E-06
+47.0000E-06,-1.8194346539E+00,-33.0481E-06
+47.5000E-06,-1.8190326438E+00,+11.4243E-06
+48.0000E-06,-1.8306909352E+00,-1.3898E-06
+48.5000E-06,-1.8198366639E+00,+12.1781E-06
+49.0000E-06,-1.8250627945E+00,-9.6812E-06
+49.5000E-06,-1.8278768648E+00,+19.7158E-06
+50.0000E-06,-1.8351130457E+00,+11.4243E-06
+50.5000E-06,-1.8238567644E+00,-6.6661E-06
+51.0000E-06,-1.8282788749E+00,+50.6203E-06
+51.5000E-06,-1.8306909352E+00,-2.1435E-06
+52.0000E-06,-1.8270728448E+00,+18.9620E-06
+52.5000E-06,-1.8290828950E+00,+26.4997E-06
+53.0000E-06,-1.8298869151E+00,+871.5E-09
+53.5000E-06,-1.8258668146E+00,+32.5298E-06
+54.0000E-06,-1.8246607845E+00,+51.3741E-06
+54.5000E-06,-1.8387311361E+00,+51.3741E-06
+55.0000E-06,-1.8290828950E+00,+86.8012E-06
+55.5000E-06,-1.8335050055E+00,+28.0072E-06
+56.0000E-06,-1.8327009854E+00,+41.5751E-06
+56.5000E-06,-1.8286808849E+00,+15.9469E-06
+57.0000E-06,-1.8298869151E+00,+37.0524E-06
+57.5000E-06,-1.8290828950E+00,-48.8772E-06
+58.0000E-06,-1.8331029954E+00,-636.0E-09
+58.5000E-06,-1.8331029954E+00,-2.1435E-06
+59.0000E-06,-1.8367210859E+00,-46.6159E-06
+59.5000E-06,-1.8335050055E+00,+57.4042E-06
+60.0000E-06,-1.8270728448E+00,-48.8772E-06
+60.5000E-06,-1.8322989754E+00,+15.1932E-06
+61.0000E-06,-1.8391331461E+00,-29.2792E-06
+61.5000E-06,-1.8331029954E+00,-25.5104E-06
+62.0000E-06,-1.8331029954E+00,-40.5857E-06
+62.5000E-06,-1.8331029954E+00,-3.6511E-06
+63.0000E-06,-1.8395351562E+00,-42.0933E-06
+63.5000E-06,-1.8290828950E+00,+32.5298E-06
+64.0000E-06,-1.8375251059E+00,-35.3094E-06
+64.5000E-06,-1.8347110356E+00,-63.1988E-06
+65.0000E-06,-1.8391331461E+00,+18.9620E-06
+65.5000E-06,-1.8355150557E+00,-27.7717E-06
+66.0000E-06,-1.8387311361E+00,-5.1586E-06
+66.5000E-06,-1.8455653069E+00,-57.9224E-06
+67.0000E-06,-1.8314949553E+00,+4.6404E-06
+67.5000E-06,-1.8310929452E+00,-14.9576E-06
+68.0000E-06,-1.8327009854E+00,+117.8E-09
+68.5000E-06,-1.8439572667E+00,-19.4802E-06
+69.0000E-06,-1.8363190758E+00,+11.4243E-06
+69.5000E-06,-1.8403391763E+00,-24.7566E-06
+70.0000E-06,-1.8310929452E+00,+15.1932E-06
+70.5000E-06,-1.8347110356E+00,+59.6655E-06
+71.0000E-06,-1.8359170658E+00,-68.4752E-06
+71.5000E-06,-1.8435552566E+00,+78.5097E-06
+72.0000E-06,-1.8355150557E+00,-35.3094E-06
+72.5000E-06,-1.8391331461E+00,+90.5700E-06
+73.0000E-06,-1.8403391763E+00,-4.4048E-06
+73.5000E-06,-1.8391331461E+00,-14.2038E-06
+74.0000E-06,-1.8431532466E+00,+76.2484E-06
+74.5000E-06,-1.8467713370E+00,-66.2139E-06
+75.0000E-06,-1.8451632968E+00,+26.4997E-06
+75.5000E-06,-1.8411431964E+00,+12.1781E-06
+76.0000E-06,-1.8399371662E+00,+26.4997E-06
+76.5000E-06,-1.8439572667E+00,+3.1329E-06
+77.0000E-06,-1.8451632968E+00,+24.2384E-06
+77.5000E-06,-1.8411431964E+00,-14.9576E-06
+78.0000E-06,-1.8423492265E+00,-9.6812E-06
+78.5000E-06,-1.8339070155E+00,-24.7566E-06
+79.0000E-06,-1.8455653069E+00,+26.4997E-06
+79.5000E-06,-1.8495854073E+00,-12.6963E-06
+80.0000E-06,-1.8411431964E+00,-18.7264E-06
+80.5000E-06,-1.8431532466E+00,+6.9017E-06
+81.0000E-06,-1.8459673169E+00,-2.8973E-06
+81.5000E-06,-1.8435552566E+00,-24.0028E-06
+82.0000E-06,-1.8455653069E+00,-25.5104E-06
+82.5000E-06,-1.8491833973E+00,-3.6511E-06
+83.0000E-06,-1.8459673169E+00,-41.3395E-06
+83.5000E-06,-1.8407411863E+00,+3.8866E-06
+84.0000E-06,-1.8463693270E+00,-33.0481E-06
+84.5000E-06,-1.8511934475E+00,+47.6052E-06
+85.0000E-06,-1.8451632968E+00,-22.4953E-06
+85.5000E-06,-1.8499874174E+00,+16.7007E-06
+86.0000E-06,-1.8487813872E+00,-12.6963E-06
+86.5000E-06,-1.8491833973E+00,-4.4048E-06
+87.0000E-06,-1.8471733471E+00,-33.8018E-06
+87.5000E-06,-1.8451632968E+00,+22.7308E-06
+88.0000E-06,-1.8475753571E+00,-45.8621E-06
+88.5000E-06,-1.8451632968E+00,-25.5104E-06
+89.0000E-06,-1.8463693270E+00,+2.3791E-06
+89.5000E-06,-1.8572235982E+00,-33.8018E-06
+90.0000E-06,-1.8491833973E+00,+22.7308E-06
+90.5000E-06,-1.8491833973E+00,-1.3898E-06
+91.0000E-06,-1.8515954576E+00,+10.6705E-06
+91.5000E-06,-1.8552135480E+00,+7.6555E-06
+92.0000E-06,-1.8491833973E+00,+5.3942E-06
+92.5000E-06,-1.8672738493E+00,+52.8816E-06
+93.0000E-06,-1.8564195781E+00,+6.9017E-06
+93.5000E-06,-1.8560175681E+00,+9.1630E-06
+94.0000E-06,-1.8644597790E+00,-7.4199E-06
+94.5000E-06,-1.8576256082E+00,-14.9576E-06
+95.0000E-06,-1.8552135480E+00,+15.1932E-06
+95.5000E-06,-1.8552135480E+00,+15.1932E-06
+96.0000E-06,-1.8636557589E+00,+12.1781E-06
+96.5000E-06,-1.8544095279E+00,+33.2836E-06
+97.0000E-06,-1.8552135480E+00,-11.9425E-06
+97.5000E-06,-1.8552135480E+00,+34.0374E-06
+98.0000E-06,-1.8616457087E+00,-1.3898E-06
+98.5000E-06,-1.8572235982E+00,-11.1888E-06
+99.0000E-06,-1.8544095279E+00,+70.9720E-06
+99.5000E-06,-1.8592336484E+00,-2.8973E-06
+100.0000E-06,,
+100.5000E-06,,
+101.0000E-06,,
+101.5000E-06,,
+102.0000E-06,,
+102.5000E-06,,
+103.0000E-06,,
+103.5000E-06,,
+104.0000E-06,,
+104.5000E-06,,
+105.0000E-06,,
+105.5000E-06,,
+106.0000E-06,,
+106.5000E-06,,
+107.0000E-06,,
+107.5000E-06,,
+108.0000E-06,,
+108.5000E-06,,
+109.0000E-06,,
+109.5000E-06,,
+110.0000E-06,,
+110.5000E-06,,
+111.0000E-06,,
+111.5000E-06,,
+112.0000E-06,,
+112.5000E-06,,
+113.0000E-06,,
+113.5000E-06,,
+114.0000E-06,,
+114.5000E-06,,
+115.0000E-06,,
+115.5000E-06,,
+116.0000E-06,,
+116.5000E-06,,
+117.0000E-06,,
+117.5000E-06,,
+118.0000E-06,,
+118.5000E-06,,
+119.0000E-06,,
+119.5000E-06,,
+120.0000E-06,,
+120.5000E-06,,
+121.0000E-06,,
+121.5000E-06,,
+122.0000E-06,,
+122.5000E-06,,
+123.0000E-06,,
+123.5000E-06,,
+124.0000E-06,,
+124.5000E-06,,
+125.0000E-06,,
+125.5000E-06,,
+126.0000E-06,,
+126.5000E-06,,
+127.0000E-06,,
+127.5000E-06,,
+128.0000E-06,,
+128.5000E-06,,
+129.0000E-06,,
+129.5000E-06,,
+130.0000E-06,,
+130.5000E-06,,
+131.0000E-06,,
+131.5000E-06,,
+132.0000E-06,,
+132.5000E-06,,
+133.0000E-06,,
+133.5000E-06,,
+134.0000E-06,,
+134.5000E-06,,
+135.0000E-06,,
+135.5000E-06,,
+136.0000E-06,,
+136.5000E-06,,
+137.0000E-06,,
+137.5000E-06,,
+138.0000E-06,,
+138.5000E-06,,
+139.0000E-06,,
+139.5000E-06,,
+140.0000E-06,,
+140.5000E-06,,
+141.0000E-06,,
+141.5000E-06,,
+142.0000E-06,,
+142.5000E-06,,
+143.0000E-06,,
+143.5000E-06,,
+144.0000E-06,,
+144.5000E-06,,
+145.0000E-06,,
+145.5000E-06,,
+146.0000E-06,,
+146.5000E-06,,
+147.0000E-06,,
+147.5000E-06,,
+148.0000E-06,,
+148.5000E-06,,
+149.0000E-06,,
+149.5000E-06,,
+150.0000E-06,,
+150.5000E-06,,
+151.0000E-06,,
+151.5000E-06,,
+152.0000E-06,,
+152.5000E-06,,
+153.0000E-06,,
+153.5000E-06,,
+154.0000E-06,,
+154.5000E-06,,
+155.0000E-06,,
+155.5000E-06,,
+156.0000E-06,,
+156.5000E-06,,
+157.0000E-06,,
+157.5000E-06,,
+158.0000E-06,,
+158.5000E-06,,
+159.0000E-06,,
+159.5000E-06,,
+160.0000E-06,,
+160.5000E-06,,
+161.0000E-06,,
+161.5000E-06,,
+162.0000E-06,,
+162.5000E-06,,
+163.0000E-06,,
+163.5000E-06,,
+164.0000E-06,,
+164.5000E-06,,
+165.0000E-06,,
+165.5000E-06,,
+166.0000E-06,,
+166.5000E-06,,
+167.0000E-06,,
+167.5000E-06,,
+168.0000E-06,,
+168.5000E-06,,
+169.0000E-06,,
+169.5000E-06,,
+170.0000E-06,,
+170.5000E-06,,
+171.0000E-06,,
+171.5000E-06,,
+172.0000E-06,,
+172.5000E-06,,
+173.0000E-06,,
+173.5000E-06,,
+174.0000E-06,,
+174.5000E-06,,
+175.0000E-06,,
+175.5000E-06,,
+176.0000E-06,,
+176.5000E-06,,
+177.0000E-06,,
+177.5000E-06,,
+178.0000E-06,,
+178.5000E-06,,
+179.0000E-06,,
+179.5000E-06,,
+180.0000E-06,,
+180.5000E-06,,
+181.0000E-06,,
+181.5000E-06,,
+182.0000E-06,,
+182.5000E-06,,
+183.0000E-06,,
+183.5000E-06,,
+184.0000E-06,,
+184.5000E-06,,
+185.0000E-06,,
+185.5000E-06,,
+186.0000E-06,,
+186.5000E-06,,
+187.0000E-06,,
+187.5000E-06,,
+188.0000E-06,,
+188.5000E-06,,
+189.0000E-06,,
+189.5000E-06,,
+190.0000E-06,,
+190.5000E-06,,
+191.0000E-06,,
+191.5000E-06,,
+192.0000E-06,,
+192.5000E-06,,
+193.0000E-06,,
+193.5000E-06,,
+194.0000E-06,,
+194.5000E-06,,
+195.0000E-06,,
+195.5000E-06,,
+196.0000E-06,,
+196.5000E-06,,
+197.0000E-06,,
+197.5000E-06,,
+198.0000E-06,,
+198.5000E-06,,
+199.0000E-06,,
+199.5000E-06,,
+200.0000E-06,,
+200.5000E-06,,
+201.0000E-06,,
+201.5000E-06,,
+202.0000E-06,,
+202.5000E-06,,
+203.0000E-06,,
+203.5000E-06,,
+204.0000E-06,,
+204.5000E-06,,
+205.0000E-06,,
+205.5000E-06,,
+206.0000E-06,,
+206.5000E-06,,
+207.0000E-06,,
+207.5000E-06,,
+208.0000E-06,,
+208.5000E-06,,
+209.0000E-06,,
+209.5000E-06,,
+210.0000E-06,,
+210.5000E-06,,
+211.0000E-06,,
+211.5000E-06,,
+212.0000E-06,,
+212.5000E-06,,
+213.0000E-06,,
+213.5000E-06,,
+214.0000E-06,,
+214.5000E-06,,
+215.0000E-06,,
+215.5000E-06,,
+216.0000E-06,,
+216.5000E-06,,
+217.0000E-06,,
+217.5000E-06,,
+218.0000E-06,,
+218.5000E-06,,
+219.0000E-06,,
+219.5000E-06,,
+220.0000E-06,,
+220.5000E-06,,
+221.0000E-06,,
+221.5000E-06,,
+222.0000E-06,,
+222.5000E-06,,
+223.0000E-06,,
+223.5000E-06,,
+224.0000E-06,,
+224.5000E-06,,
+225.0000E-06,,
+225.5000E-06,,
+226.0000E-06,,
+226.5000E-06,,
+227.0000E-06,,
+227.5000E-06,,
+228.0000E-06,,
+228.5000E-06,,
+229.0000E-06,,
+229.5000E-06,,
+230.0000E-06,,
+230.5000E-06,,
+231.0000E-06,,
+231.5000E-06,,
+232.0000E-06,,
+232.5000E-06,,
+233.0000E-06,,
+233.5000E-06,,
+234.0000E-06,,
+234.5000E-06,,
+235.0000E-06,,
+235.5000E-06,,
+236.0000E-06,,
+236.5000E-06,,
+237.0000E-06,,
+237.5000E-06,,
+238.0000E-06,,
+238.5000E-06,,
+239.0000E-06,,
+239.5000E-06,,
+240.0000E-06,,
+240.5000E-06,,
+241.0000E-06,,
+241.5000E-06,,
+242.0000E-06,,
+242.5000E-06,,
+243.0000E-06,,
+243.5000E-06,,
+244.0000E-06,,
+244.5000E-06,,
+245.0000E-06,,
+245.5000E-06,,
+246.0000E-06,,
+246.5000E-06,,
+247.0000E-06,,
+247.5000E-06,,
+248.0000E-06,,
+248.5000E-06,,
+249.0000E-06,,
+249.5000E-06,,
+250.0000E-06,,
+250.5000E-06,,
+251.0000E-06,,
+251.5000E-06,,
+252.0000E-06,,
+252.5000E-06,,
+253.0000E-06,,
+253.5000E-06,,
+254.0000E-06,,
+254.5000E-06,,
+255.0000E-06,,
+255.5000E-06,,
+256.0000E-06,,
+256.5000E-06,,
+257.0000E-06,,
+257.5000E-06,,
+258.0000E-06,,
+258.5000E-06,,
+259.0000E-06,,
+259.5000E-06,,
+260.0000E-06,,
+260.5000E-06,,
+261.0000E-06,,
+261.5000E-06,,
+262.0000E-06,,
+262.5000E-06,,
+263.0000E-06,,
+263.5000E-06,,
+264.0000E-06,,
+264.5000E-06,,
+265.0000E-06,,
+265.5000E-06,,
+266.0000E-06,,
+266.5000E-06,,
+267.0000E-06,,
+267.5000E-06,,
+268.0000E-06,,
+268.5000E-06,,
+269.0000E-06,,
+269.5000E-06,,
+270.0000E-06,,
+270.5000E-06,,
+271.0000E-06,,
+271.5000E-06,,
+272.0000E-06,,
+272.5000E-06,,
+273.0000E-06,,
+273.5000E-06,,
+274.0000E-06,,
+274.5000E-06,,
+275.0000E-06,,
+275.5000E-06,,
+276.0000E-06,,
+276.5000E-06,,
+277.0000E-06,,
+277.5000E-06,,
+278.0000E-06,,
+278.5000E-06,,
+279.0000E-06,,
+279.5000E-06,,
+280.0000E-06,,
+280.5000E-06,,
+281.0000E-06,,
+281.5000E-06,,
+282.0000E-06,,
+282.5000E-06,,
+283.0000E-06,,
+283.5000E-06,,
+284.0000E-06,,
+284.5000E-06,,
+285.0000E-06,,
+285.5000E-06,,
+286.0000E-06,,
+286.5000E-06,,
+287.0000E-06,,
+287.5000E-06,,
+288.0000E-06,,
+288.5000E-06,,
+289.0000E-06,,
+289.5000E-06,,
+290.0000E-06,,
+290.5000E-06,,
+291.0000E-06,,
+291.5000E-06,,
+292.0000E-06,,
+292.5000E-06,,
+293.0000E-06,,
+293.5000E-06,,
+294.0000E-06,,
+294.5000E-06,,
+295.0000E-06,,
+295.5000E-06,,
+296.0000E-06,,
+296.5000E-06,,
+297.0000E-06,,
+297.5000E-06,,
+298.0000E-06,,
+298.5000E-06,,
+299.0000E-06,,
+299.5000E-06,,
+300.0000E-06,,
+300.5000E-06,,
+301.0000E-06,,
+301.5000E-06,,
+302.0000E-06,,
+302.5000E-06,,
+303.0000E-06,,
+303.5000E-06,,
+304.0000E-06,,
+304.5000E-06,,
+305.0000E-06,,
+305.5000E-06,,
+306.0000E-06,,
+306.5000E-06,,
+307.0000E-06,,
+307.5000E-06,,
+308.0000E-06,,
+308.5000E-06,,
+309.0000E-06,,
+309.5000E-06,,
+310.0000E-06,,
+310.5000E-06,,
+311.0000E-06,,
+311.5000E-06,,
+312.0000E-06,,
+312.5000E-06,,
+313.0000E-06,,
+313.5000E-06,,
+314.0000E-06,,
+314.5000E-06,,
+315.0000E-06,,
+315.5000E-06,,
+316.0000E-06,,
+316.5000E-06,,
+317.0000E-06,,
+317.5000E-06,,
+318.0000E-06,,
+318.5000E-06,,
+319.0000E-06,,
+319.5000E-06,,
+320.0000E-06,,
+320.5000E-06,,
+321.0000E-06,,
+321.5000E-06,,
+322.0000E-06,,
+322.5000E-06,,
+323.0000E-06,,
+323.5000E-06,,
+324.0000E-06,,
+324.5000E-06,,
+325.0000E-06,,
+325.5000E-06,,
+326.0000E-06,,
+326.5000E-06,,
+327.0000E-06,,
+327.5000E-06,,
+328.0000E-06,,
+328.5000E-06,,
+329.0000E-06,,
+329.5000E-06,,
+330.0000E-06,,
+330.5000E-06,,
+331.0000E-06,,
+331.5000E-06,,
+332.0000E-06,,
+332.5000E-06,,
+333.0000E-06,,
+333.5000E-06,,
+334.0000E-06,,
+334.5000E-06,,
+335.0000E-06,,
+335.5000E-06,,
+336.0000E-06,,
+336.5000E-06,,
+337.0000E-06,,
+337.5000E-06,,
+338.0000E-06,,
+338.5000E-06,,
+339.0000E-06,,
+339.5000E-06,,
+340.0000E-06,,
+340.5000E-06,,
+341.0000E-06,,
+341.5000E-06,,
+342.0000E-06,,
+342.5000E-06,,
+343.0000E-06,,
+343.5000E-06,,
+344.0000E-06,,
+344.5000E-06,,
+345.0000E-06,,
+345.5000E-06,,
+346.0000E-06,,
+346.5000E-06,,
+347.0000E-06,,
+347.5000E-06,,
+348.0000E-06,,
+348.5000E-06,,
+349.0000E-06,,
+349.5000E-06,,
+350.0000E-06,,
+350.5000E-06,,
+351.0000E-06,,
+351.5000E-06,,
+352.0000E-06,,
+352.5000E-06,,
+353.0000E-06,,
+353.5000E-06,,
+354.0000E-06,,
+354.5000E-06,,
+355.0000E-06,,
+355.5000E-06,,
+356.0000E-06,,
+356.5000E-06,,
+357.0000E-06,,
+357.5000E-06,,
+358.0000E-06,,
+358.5000E-06,,
+359.0000E-06,,
+359.5000E-06,,
+360.0000E-06,,
+360.5000E-06,,
+361.0000E-06,,
+361.5000E-06,,
+362.0000E-06,,
+362.5000E-06,,
+363.0000E-06,,
+363.5000E-06,,
+364.0000E-06,,
+364.5000E-06,,
+365.0000E-06,,
+365.5000E-06,,
+366.0000E-06,,
+366.5000E-06,,
+367.0000E-06,,
+367.5000E-06,,
+368.0000E-06,,
+368.5000E-06,,
+369.0000E-06,,
+369.5000E-06,,
+370.0000E-06,,
+370.5000E-06,,
+371.0000E-06,,
+371.5000E-06,,
+372.0000E-06,,
+372.5000E-06,,
+373.0000E-06,,
+373.5000E-06,,
+374.0000E-06,,
+374.5000E-06,,
+375.0000E-06,,
+375.5000E-06,,
+376.0000E-06,,
+376.5000E-06,,
+377.0000E-06,,
+377.5000E-06,,
+378.0000E-06,,
+378.5000E-06,,
+379.0000E-06,,
+379.5000E-06,,
+380.0000E-06,,
+380.5000E-06,,
+381.0000E-06,,
+381.5000E-06,,
+382.0000E-06,,
+382.5000E-06,,
+383.0000E-06,,
+383.5000E-06,,
+384.0000E-06,,
+384.5000E-06,,
+385.0000E-06,,
+385.5000E-06,,
+386.0000E-06,,
+386.5000E-06,,
+387.0000E-06,,
+387.5000E-06,,
+388.0000E-06,,
+388.5000E-06,,
+389.0000E-06,,
+389.5000E-06,,
+390.0000E-06,,
+390.5000E-06,,
+391.0000E-06,,
+391.5000E-06,,
+392.0000E-06,,
+392.5000E-06,,
+393.0000E-06,,
+393.5000E-06,,
+394.0000E-06,,
+394.5000E-06,,
+395.0000E-06,,
+395.5000E-06,,
+396.0000E-06,,
+396.5000E-06,,
+397.0000E-06,,
+397.5000E-06,,
+398.0000E-06,,
+398.5000E-06,,
+399.0000E-06,,
+399.5000E-06,,
+400.0000E-06,,
+400.5000E-06,,
+401.0000E-06,,
+401.5000E-06,,
+402.0000E-06,,
+402.5000E-06,,
+403.0000E-06,,
+403.5000E-06,,
+404.0000E-06,,
+404.5000E-06,,
+405.0000E-06,,
+405.5000E-06,,
+406.0000E-06,,
+406.5000E-06,,
+407.0000E-06,,
+407.5000E-06,,
+408.0000E-06,,
+408.5000E-06,,
+409.0000E-06,,
+409.5000E-06,,
+410.0000E-06,,
+410.5000E-06,,
+411.0000E-06,,
+411.5000E-06,,
+412.0000E-06,,
+412.5000E-06,,
+413.0000E-06,,
+413.5000E-06,,
+414.0000E-06,,
+414.5000E-06,,
+415.0000E-06,,
+415.5000E-06,,
+416.0000E-06,,
+416.5000E-06,,
+417.0000E-06,,
+417.5000E-06,,
+418.0000E-06,,
+418.5000E-06,,
+419.0000E-06,,
+419.5000E-06,,
+420.0000E-06,,
+420.5000E-06,,
+421.0000E-06,,
+421.5000E-06,,
+422.0000E-06,,
+422.5000E-06,,
+423.0000E-06,,
+423.5000E-06,,
+424.0000E-06,,
+424.5000E-06,,
+425.0000E-06,,
+425.5000E-06,,
+426.0000E-06,,
+426.5000E-06,,
+427.0000E-06,,
+427.5000E-06,,
+428.0000E-06,,
+428.5000E-06,,
+429.0000E-06,,
+429.5000E-06,,
+430.0000E-06,,
+430.5000E-06,,
+431.0000E-06,,
+431.5000E-06,,
+432.0000E-06,,
+432.5000E-06,,
+433.0000E-06,,
+433.5000E-06,,
+434.0000E-06,,
+434.5000E-06,,
+435.0000E-06,,
+435.5000E-06,,
+436.0000E-06,,
+436.5000E-06,,
+437.0000E-06,,
+437.5000E-06,,
+438.0000E-06,,
+438.5000E-06,,
+439.0000E-06,,
+439.5000E-06,,
+440.0000E-06,,
+440.5000E-06,,
+441.0000E-06,,
+441.5000E-06,,
+442.0000E-06,,
+442.5000E-06,,
+443.0000E-06,,
+443.5000E-06,,
+444.0000E-06,,
+444.5000E-06,,
+445.0000E-06,,
+445.5000E-06,,
+446.0000E-06,,
+446.5000E-06,,
+447.0000E-06,,
+447.5000E-06,,
+448.0000E-06,,
+448.5000E-06,,
+449.0000E-06,,
+449.5000E-06,,
+450.0000E-06,,
+450.5000E-06,,
+451.0000E-06,,
+451.5000E-06,,
+452.0000E-06,,
+452.5000E-06,,
+453.0000E-06,,
+453.5000E-06,,
+454.0000E-06,,
+454.5000E-06,,
+455.0000E-06,,
+455.5000E-06,,
+456.0000E-06,,
+456.5000E-06,,
+457.0000E-06,,
+457.5000E-06,,
+458.0000E-06,,
+458.5000E-06,,
+459.0000E-06,,
+459.5000E-06,,
+460.0000E-06,,
+460.5000E-06,,
+461.0000E-06,,
+461.5000E-06,,
+462.0000E-06,,
+462.5000E-06,,
+463.0000E-06,,
+463.5000E-06,,
+464.0000E-06,,
+464.5000E-06,,
+465.0000E-06,,
+465.5000E-06,,
+466.0000E-06,,
+466.5000E-06,,
+467.0000E-06,,
+467.5000E-06,,
+468.0000E-06,,
+468.5000E-06,,
+469.0000E-06,,
+469.5000E-06,,
+470.0000E-06,,
+470.5000E-06,,
+471.0000E-06,,
+471.5000E-06,,
+472.0000E-06,,
+472.5000E-06,,
+473.0000E-06,,
+473.5000E-06,,
+474.0000E-06,,
+474.5000E-06,,
+475.0000E-06,,
+475.5000E-06,,
+476.0000E-06,,
+476.5000E-06,,
+477.0000E-06,,
+477.5000E-06,,
+478.0000E-06,,
+478.5000E-06,,
+479.0000E-06,,
+479.5000E-06,,
+480.0000E-06,,
+480.5000E-06,,
+481.0000E-06,,
+481.5000E-06,,
+482.0000E-06,,
+482.5000E-06,,
+483.0000E-06,,
+483.5000E-06,,
+484.0000E-06,,
+484.5000E-06,,
+485.0000E-06,,
+485.5000E-06,,
+486.0000E-06,,
+486.5000E-06,,
+487.0000E-06,,
+487.5000E-06,,
+488.0000E-06,,
+488.5000E-06,,
+489.0000E-06,,
+489.5000E-06,,
+490.0000E-06,,
+490.5000E-06,,
+491.0000E-06,,
+491.5000E-06,,
+492.0000E-06,,
+492.5000E-06,,
+493.0000E-06,,
+493.5000E-06,,
+494.0000E-06,,
+494.5000E-06,,
+495.0000E-06,,
+495.5000E-06,,
+496.0000E-06,,
+496.5000E-06,,
+497.0000E-06,,
+497.5000E-06,,
+498.0000E-06,,
+498.5000E-06,,
+499.0000E-06,,
+499.5000E-06,,
+500.0000E-06,,
+500.5000E-06,,
+501.0000E-06,,
+501.5000E-06,,
+502.0000E-06,,
+502.5000E-06,,
+503.0000E-06,,
+503.5000E-06,,
+504.0000E-06,,
+504.5000E-06,,
+505.0000E-06,,
+505.5000E-06,,
+506.0000E-06,,
+506.5000E-06,,
+507.0000E-06,,
+507.5000E-06,,
+508.0000E-06,,
+508.5000E-06,,
+509.0000E-06,,
+509.5000E-06,,
+510.0000E-06,,
+510.5000E-06,,
+511.0000E-06,,
+511.5000E-06,,
+512.0000E-06,,
+512.5000E-06,,
+513.0000E-06,,
+513.5000E-06,,
+514.0000E-06,,
+514.5000E-06,,
+515.0000E-06,,
+515.5000E-06,,
+516.0000E-06,,
+516.5000E-06,,
+517.0000E-06,,
+517.5000E-06,,
+518.0000E-06,,
+518.5000E-06,,
+519.0000E-06,,
+519.5000E-06,,
+520.0000E-06,,
+520.5000E-06,,
+521.0000E-06,,
+521.5000E-06,,
+522.0000E-06,,
+522.5000E-06,,
+523.0000E-06,,
+523.5000E-06,,
+524.0000E-06,,
+524.5000E-06,,
+525.0000E-06,,
+525.5000E-06,,
+526.0000E-06,,
+526.5000E-06,,
+527.0000E-06,,
+527.5000E-06,,
+528.0000E-06,,
+528.5000E-06,,
+529.0000E-06,,
+529.5000E-06,,
+530.0000E-06,,
+530.5000E-06,,
+531.0000E-06,,
+531.5000E-06,,
+532.0000E-06,,
+532.5000E-06,,
+533.0000E-06,,
+533.5000E-06,,
+534.0000E-06,,
+534.5000E-06,,
+535.0000E-06,,
+535.5000E-06,,
+536.0000E-06,,
+536.5000E-06,,
+537.0000E-06,,
+537.5000E-06,,
+538.0000E-06,,
+538.5000E-06,,
+539.0000E-06,,
+539.5000E-06,,
+540.0000E-06,,
+540.5000E-06,,
+541.0000E-06,,
+541.5000E-06,,
+542.0000E-06,,
+542.5000E-06,,
+543.0000E-06,,
+543.5000E-06,,
+544.0000E-06,,
+544.5000E-06,,
+545.0000E-06,,
+545.5000E-06,,
+546.0000E-06,,
+546.5000E-06,,
+547.0000E-06,,
+547.5000E-06,,
+548.0000E-06,,
+548.5000E-06,,
+549.0000E-06,,
+549.5000E-06,,
+550.0000E-06,,
+550.5000E-06,,
+551.0000E-06,,
+551.5000E-06,,
+552.0000E-06,,
+552.5000E-06,,
+553.0000E-06,,
+553.5000E-06,,
+554.0000E-06,,
+554.5000E-06,,
+555.0000E-06,,
+555.5000E-06,,
+556.0000E-06,,
+556.5000E-06,,
+557.0000E-06,,
+557.5000E-06,,
+558.0000E-06,,
+558.5000E-06,,
+559.0000E-06,,
+559.5000E-06,,
+560.0000E-06,,
+560.5000E-06,,
+561.0000E-06,,
+561.5000E-06,,
+562.0000E-06,,
+562.5000E-06,,
+563.0000E-06,,
+563.5000E-06,,
+564.0000E-06,,
+564.5000E-06,,
+565.0000E-06,,
+565.5000E-06,,
+566.0000E-06,,
+566.5000E-06,,
+567.0000E-06,,
+567.5000E-06,,
+568.0000E-06,,
+568.5000E-06,,
+569.0000E-06,,
+569.5000E-06,,
+570.0000E-06,,
+570.5000E-06,,
+571.0000E-06,,
+571.5000E-06,,
+572.0000E-06,,
+572.5000E-06,,
+573.0000E-06,,
+573.5000E-06,,
+574.0000E-06,,
+574.5000E-06,,
+575.0000E-06,,
+575.5000E-06,,
+576.0000E-06,,
+576.5000E-06,,
+577.0000E-06,,
+577.5000E-06,,
+578.0000E-06,,
+578.5000E-06,,
+579.0000E-06,,
+579.5000E-06,,
+580.0000E-06,,
+580.5000E-06,,
+581.0000E-06,,
+581.5000E-06,,
+582.0000E-06,,
+582.5000E-06,,
+583.0000E-06,,
+583.5000E-06,,
+584.0000E-06,,
+584.5000E-06,,
+585.0000E-06,,
+585.5000E-06,,
+586.0000E-06,,
+586.5000E-06,,
+587.0000E-06,,
+587.5000E-06,,
+588.0000E-06,,
+588.5000E-06,,
+589.0000E-06,,
+589.5000E-06,,
+590.0000E-06,,
+590.5000E-06,,
+591.0000E-06,,
+591.5000E-06,,
+592.0000E-06,,
+592.5000E-06,,
+593.0000E-06,,
+593.5000E-06,,
+594.0000E-06,,
+594.5000E-06,,
+595.0000E-06,,
+595.5000E-06,,
+596.0000E-06,,
+596.5000E-06,,
+597.0000E-06,,
+597.5000E-06,,
+598.0000E-06,,
+598.5000E-06,,
+599.0000E-06,,
+599.5000E-06,,
+600.0000E-06,,
+600.5000E-06,,
+601.0000E-06,,
+601.5000E-06,,
+602.0000E-06,,
+602.5000E-06,,
+603.0000E-06,,
+603.5000E-06,,
+604.0000E-06,,
+604.5000E-06,,
+605.0000E-06,,
+605.5000E-06,,
+606.0000E-06,,
+606.5000E-06,,
+607.0000E-06,,
+607.5000E-06,,
+608.0000E-06,,
+608.5000E-06,,
+609.0000E-06,,
+609.5000E-06,,
+610.0000E-06,,
+610.5000E-06,,
+611.0000E-06,,
+611.5000E-06,,
+612.0000E-06,,
+612.5000E-06,,
+613.0000E-06,,
+613.5000E-06,,
+614.0000E-06,,
+614.5000E-06,,
+615.0000E-06,,
+615.5000E-06,,
+616.0000E-06,,
+616.5000E-06,,
+617.0000E-06,,
+617.5000E-06,,
+618.0000E-06,,
+618.5000E-06,,
+619.0000E-06,,
+619.5000E-06,,
+620.0000E-06,,
+620.5000E-06,,
+621.0000E-06,,
+621.5000E-06,,
+622.0000E-06,,
+622.5000E-06,,
+623.0000E-06,,
+623.5000E-06,,
+624.0000E-06,,
+624.5000E-06,,
+625.0000E-06,,
+625.5000E-06,,
+626.0000E-06,,
+626.5000E-06,,
+627.0000E-06,,
+627.5000E-06,,
+628.0000E-06,,
+628.5000E-06,,
+629.0000E-06,,
+629.5000E-06,,
+630.0000E-06,,
+630.5000E-06,,
+631.0000E-06,,
+631.5000E-06,,
+632.0000E-06,,
+632.5000E-06,,
+633.0000E-06,,
+633.5000E-06,,
+634.0000E-06,,
+634.5000E-06,,
+635.0000E-06,,
+635.5000E-06,,
+636.0000E-06,,
+636.5000E-06,,
+637.0000E-06,,
+637.5000E-06,,
+638.0000E-06,,
+638.5000E-06,,
+639.0000E-06,,
+639.5000E-06,,
+640.0000E-06,,
+640.5000E-06,,
+641.0000E-06,,
+641.5000E-06,,
+642.0000E-06,,
+642.5000E-06,,
+643.0000E-06,,
+643.5000E-06,,
+644.0000E-06,,
+644.5000E-06,,
+645.0000E-06,,
+645.5000E-06,,
+646.0000E-06,,
+646.5000E-06,,
+647.0000E-06,,
+647.5000E-06,,
+648.0000E-06,,
+648.5000E-06,,
+649.0000E-06,,
+649.5000E-06,,
+650.0000E-06,,
+650.5000E-06,,
+651.0000E-06,,
+651.5000E-06,,
+652.0000E-06,,
+652.5000E-06,,
+653.0000E-06,,
+653.5000E-06,,
+654.0000E-06,,
+654.5000E-06,,
+655.0000E-06,,
+655.5000E-06,,
+656.0000E-06,,
+656.5000E-06,,
+657.0000E-06,,
+657.5000E-06,,
+658.0000E-06,,
+658.5000E-06,,
+659.0000E-06,,
+659.5000E-06,,
+660.0000E-06,,
+660.5000E-06,,
+661.0000E-06,,
+661.5000E-06,,
+662.0000E-06,,
+662.5000E-06,,
+663.0000E-06,,
+663.5000E-06,,
+664.0000E-06,,
+664.5000E-06,,
+665.0000E-06,,
+665.5000E-06,,
+666.0000E-06,,
+666.5000E-06,,
+667.0000E-06,,
+667.5000E-06,,
+668.0000E-06,,
+668.5000E-06,,
+669.0000E-06,,
+669.5000E-06,,
+670.0000E-06,,
+670.5000E-06,,
+671.0000E-06,,
+671.5000E-06,,
+672.0000E-06,,
+672.5000E-06,,
+673.0000E-06,,
+673.5000E-06,,
+674.0000E-06,,
+674.5000E-06,,
+675.0000E-06,,
+675.5000E-06,,
+676.0000E-06,,
+676.5000E-06,,
+677.0000E-06,,
+677.5000E-06,,
+678.0000E-06,,
+678.5000E-06,,
+679.0000E-06,,
+679.5000E-06,,
+680.0000E-06,,
+680.5000E-06,,
+681.0000E-06,,
+681.5000E-06,,
+682.0000E-06,,
+682.5000E-06,,
+683.0000E-06,,
+683.5000E-06,,
+684.0000E-06,,
+684.5000E-06,,
+685.0000E-06,,
+685.5000E-06,,
+686.0000E-06,,
+686.5000E-06,,
+687.0000E-06,,
+687.5000E-06,,
+688.0000E-06,,
+688.5000E-06,,
+689.0000E-06,,
+689.5000E-06,,
+690.0000E-06,,
+690.5000E-06,,
+691.0000E-06,,
+691.5000E-06,,
+692.0000E-06,,
+692.5000E-06,,
+693.0000E-06,,
+693.5000E-06,,
+694.0000E-06,,
+694.5000E-06,,
+695.0000E-06,,
+695.5000E-06,,
+696.0000E-06,,
+696.5000E-06,,
+697.0000E-06,,
+697.5000E-06,,
+698.0000E-06,,
+698.5000E-06,,
+699.0000E-06,,
+699.5000E-06,,
+700.0000E-06,,
+700.5000E-06,,
+701.0000E-06,,
+701.5000E-06,,
+702.0000E-06,,
+702.5000E-06,,
+703.0000E-06,,
+703.5000E-06,,
+704.0000E-06,,
+704.5000E-06,,
+705.0000E-06,,
+705.5000E-06,,
+706.0000E-06,,
+706.5000E-06,,
+707.0000E-06,,
+707.5000E-06,,
+708.0000E-06,,
+708.5000E-06,,
+709.0000E-06,,
+709.5000E-06,,
+710.0000E-06,,
+710.5000E-06,,
+711.0000E-06,,
+711.5000E-06,,
+712.0000E-06,,
+712.5000E-06,,
+713.0000E-06,,
+713.5000E-06,,
+714.0000E-06,,
+714.5000E-06,,
+715.0000E-06,,
+715.5000E-06,,
+716.0000E-06,,
+716.5000E-06,,
+717.0000E-06,,
+717.5000E-06,,
+718.0000E-06,,
+718.5000E-06,,
+719.0000E-06,,
+719.5000E-06,,
+720.0000E-06,,
+720.5000E-06,,
+721.0000E-06,,
+721.5000E-06,,
+722.0000E-06,,
+722.5000E-06,,
+723.0000E-06,,
+723.5000E-06,,
+724.0000E-06,,
+724.5000E-06,,
+725.0000E-06,,
+725.5000E-06,,
+726.0000E-06,,
+726.5000E-06,,
+727.0000E-06,,
+727.5000E-06,,
+728.0000E-06,,
+728.5000E-06,,
+729.0000E-06,,
+729.5000E-06,,
+730.0000E-06,,
+730.5000E-06,,
+731.0000E-06,,
+731.5000E-06,,
+732.0000E-06,,
+732.5000E-06,,
+733.0000E-06,,
+733.5000E-06,,
+734.0000E-06,,
+734.5000E-06,,
+735.0000E-06,,
+735.5000E-06,,
+736.0000E-06,,
+736.5000E-06,,
+737.0000E-06,,
+737.5000E-06,,
+738.0000E-06,,
+738.5000E-06,,
+739.0000E-06,,
+739.5000E-06,,
+740.0000E-06,,
+740.5000E-06,,
+741.0000E-06,,
+741.5000E-06,,
+742.0000E-06,,
+742.5000E-06,,
+743.0000E-06,,
+743.5000E-06,,
+744.0000E-06,,
+744.5000E-06,,
+745.0000E-06,,
+745.5000E-06,,
+746.0000E-06,,
+746.5000E-06,,
+747.0000E-06,,
+747.5000E-06,,
+748.0000E-06,,
+748.5000E-06,,
+749.0000E-06,,
+749.5000E-06,,
+750.0000E-06,,
+750.5000E-06,,
+751.0000E-06,,
+751.5000E-06,,
+752.0000E-06,,
+752.5000E-06,,
+753.0000E-06,,
+753.5000E-06,,
+754.0000E-06,,
+754.5000E-06,,
+755.0000E-06,,
+755.5000E-06,,
+756.0000E-06,,
+756.5000E-06,,
+757.0000E-06,,
+757.5000E-06,,
+758.0000E-06,,
+758.5000E-06,,
+759.0000E-06,,
+759.5000E-06,,
+760.0000E-06,,
+760.5000E-06,,
+761.0000E-06,,
+761.5000E-06,,
+762.0000E-06,,
+762.5000E-06,,
+763.0000E-06,,
+763.5000E-06,,
+764.0000E-06,,
+764.5000E-06,,
+765.0000E-06,,
+765.5000E-06,,
+766.0000E-06,,
+766.5000E-06,,
+767.0000E-06,,
+767.5000E-06,,
+768.0000E-06,,
+768.5000E-06,,
+769.0000E-06,,
+769.5000E-06,,
+770.0000E-06,,
+770.5000E-06,,
+771.0000E-06,,
+771.5000E-06,,
+772.0000E-06,,
+772.5000E-06,,
+773.0000E-06,,
+773.5000E-06,,
+774.0000E-06,,
+774.5000E-06,,
+775.0000E-06,,
+775.5000E-06,,
+776.0000E-06,,
+776.5000E-06,,
+777.0000E-06,,
+777.5000E-06,,
+778.0000E-06,,
+778.5000E-06,,
+779.0000E-06,,
+779.5000E-06,,
+780.0000E-06,,
+780.5000E-06,,
+781.0000E-06,,
+781.5000E-06,,
+782.0000E-06,,
+782.5000E-06,,
+783.0000E-06,,
+783.5000E-06,,
+784.0000E-06,,
+784.5000E-06,,
+785.0000E-06,,
+785.5000E-06,,
+786.0000E-06,,
+786.5000E-06,,
+787.0000E-06,,
+787.5000E-06,,
+788.0000E-06,,
+788.5000E-06,,
+789.0000E-06,,
+789.5000E-06,,
+790.0000E-06,,
+790.5000E-06,,
+791.0000E-06,,
+791.5000E-06,,
+792.0000E-06,,
+792.5000E-06,,
+793.0000E-06,,
+793.5000E-06,,
+794.0000E-06,,
+794.5000E-06,,
+795.0000E-06,,
+795.5000E-06,,
+796.0000E-06,,
+796.5000E-06,,
+797.0000E-06,,
+797.5000E-06,,
+798.0000E-06,,
+798.5000E-06,,
+799.0000E-06,,
+799.5000E-06,,
+800.0000E-06,,
+800.5000E-06,,
+801.0000E-06,,
+801.5000E-06,,
+802.0000E-06,,
+802.5000E-06,,
+803.0000E-06,,
+803.5000E-06,,
+804.0000E-06,,
+804.5000E-06,,
+805.0000E-06,,
+805.5000E-06,,
+806.0000E-06,,
+806.5000E-06,,
+807.0000E-06,,
+807.5000E-06,,
+808.0000E-06,,
+808.5000E-06,,
+809.0000E-06,,
+809.5000E-06,,
+810.0000E-06,,
+810.5000E-06,,
+811.0000E-06,,
+811.5000E-06,,
+812.0000E-06,,
+812.5000E-06,,
+813.0000E-06,,
+813.5000E-06,,
+814.0000E-06,,
+814.5000E-06,,
+815.0000E-06,,
+815.5000E-06,,
+816.0000E-06,,
+816.5000E-06,,
+817.0000E-06,,
+817.5000E-06,,
+818.0000E-06,,
+818.5000E-06,,
+819.0000E-06,,
+819.5000E-06,,
+820.0000E-06,,
+820.5000E-06,,
+821.0000E-06,,
+821.5000E-06,,
+822.0000E-06,,
+822.5000E-06,,
+823.0000E-06,,
+823.5000E-06,,
+824.0000E-06,,
+824.5000E-06,,
+825.0000E-06,,
+825.5000E-06,,
+826.0000E-06,,
+826.5000E-06,,
+827.0000E-06,,
+827.5000E-06,,
+828.0000E-06,,
+828.5000E-06,,
+829.0000E-06,,
+829.5000E-06,,
+830.0000E-06,,
+830.5000E-06,,
+831.0000E-06,,
+831.5000E-06,,
+832.0000E-06,,
+832.5000E-06,,
+833.0000E-06,,
+833.5000E-06,,
+834.0000E-06,,
+834.5000E-06,,
+835.0000E-06,,
+835.5000E-06,,
+836.0000E-06,,
+836.5000E-06,,
+837.0000E-06,,
+837.5000E-06,,
+838.0000E-06,,
+838.5000E-06,,
+839.0000E-06,,
+839.5000E-06,,
+840.0000E-06,,
+840.5000E-06,,
+841.0000E-06,,
+841.5000E-06,,
+842.0000E-06,,
+842.5000E-06,,
+843.0000E-06,,
+843.5000E-06,,
+844.0000E-06,,
+844.5000E-06,,
+845.0000E-06,,
+845.5000E-06,,
+846.0000E-06,,
+846.5000E-06,,
+847.0000E-06,,
+847.5000E-06,,
+848.0000E-06,,
+848.5000E-06,,
+849.0000E-06,,
+849.5000E-06,,
+850.0000E-06,,
+850.5000E-06,,
+851.0000E-06,,
+851.5000E-06,,
+852.0000E-06,,
+852.5000E-06,,
+853.0000E-06,,
+853.5000E-06,,
+854.0000E-06,,
+854.5000E-06,,
+855.0000E-06,,
+855.5000E-06,,
+856.0000E-06,,
+856.5000E-06,,
+857.0000E-06,,
+857.5000E-06,,
+858.0000E-06,,
+858.5000E-06,,
+859.0000E-06,,
+859.5000E-06,,
+860.0000E-06,,
+860.5000E-06,,
+861.0000E-06,,
+861.5000E-06,,
+862.0000E-06,,
+862.5000E-06,,
+863.0000E-06,,
+863.5000E-06,,
+864.0000E-06,,
+864.5000E-06,,
+865.0000E-06,,
+865.5000E-06,,
+866.0000E-06,,
+866.5000E-06,,
+867.0000E-06,,
+867.5000E-06,,
+868.0000E-06,,
+868.5000E-06,,
+869.0000E-06,,
+869.5000E-06,,
+870.0000E-06,,
+870.5000E-06,,
+871.0000E-06,,
+871.5000E-06,,
+872.0000E-06,,
+872.5000E-06,,
+873.0000E-06,,
+873.5000E-06,,
+874.0000E-06,,
+874.5000E-06,,
+875.0000E-06,,
+875.5000E-06,,
+876.0000E-06,,
+876.5000E-06,,
+877.0000E-06,,
+877.5000E-06,,
+878.0000E-06,,
+878.5000E-06,,
+879.0000E-06,,
+879.5000E-06,,
+880.0000E-06,,
+880.5000E-06,,
+881.0000E-06,,
+881.5000E-06,,
+882.0000E-06,,
+882.5000E-06,,
+883.0000E-06,,
+883.5000E-06,,
+884.0000E-06,,
+884.5000E-06,,
+885.0000E-06,,
+885.5000E-06,,
+886.0000E-06,,
+886.5000E-06,,
+887.0000E-06,,
+887.5000E-06,,
+888.0000E-06,,
+888.5000E-06,,
+889.0000E-06,,
+889.5000E-06,,
+890.0000E-06,,
+890.5000E-06,,
+891.0000E-06,,
+891.5000E-06,,
+892.0000E-06,,
+892.5000E-06,,
+893.0000E-06,,
+893.5000E-06,,
+894.0000E-06,,
+894.5000E-06,,
+895.0000E-06,,
+895.5000E-06,,
+896.0000E-06,,
+896.5000E-06,,
+897.0000E-06,,
+897.5000E-06,,
+898.0000E-06,,
+898.5000E-06,,
+899.0000E-06,,
+899.5000E-06,,
+900.0000E-06,,
+900.5000E-06,,
+901.0000E-06,,
+901.5000E-06,,
+902.0000E-06,,
+902.5000E-06,,
+903.0000E-06,,
+903.5000E-06,,
+904.0000E-06,,
+904.5000E-06,,
+905.0000E-06,,
+905.5000E-06,,
+906.0000E-06,,
+906.5000E-06,,
+907.0000E-06,,
+907.5000E-06,,
+908.0000E-06,,
+908.5000E-06,,
+909.0000E-06,,
+909.5000E-06,,
+910.0000E-06,,
+910.5000E-06,,
+911.0000E-06,,
+911.5000E-06,,
+912.0000E-06,,
+912.5000E-06,,
+913.0000E-06,,
+913.5000E-06,,
+914.0000E-06,,
+914.5000E-06,,
+915.0000E-06,,
+915.5000E-06,,
+916.0000E-06,,
+916.5000E-06,,
+917.0000E-06,,
+917.5000E-06,,
+918.0000E-06,,
+918.5000E-06,,
+919.0000E-06,,
+919.5000E-06,,
+920.0000E-06,,
+920.5000E-06,,
+921.0000E-06,,
+921.5000E-06,,
+922.0000E-06,,
+922.5000E-06,,
+923.0000E-06,,
+923.5000E-06,,
+924.0000E-06,,
+924.5000E-06,,
+925.0000E-06,,
+925.5000E-06,,
+926.0000E-06,,
+926.5000E-06,,
+927.0000E-06,,
+927.5000E-06,,
+928.0000E-06,,
+928.5000E-06,,
+929.0000E-06,,
+929.5000E-06,,
+930.0000E-06,,
+930.5000E-06,,
+931.0000E-06,,
+931.5000E-06,,
+932.0000E-06,,
+932.5000E-06,,
+933.0000E-06,,
+933.5000E-06,,
+934.0000E-06,,
+934.5000E-06,,
+935.0000E-06,,
+935.5000E-06,,
+936.0000E-06,,
+936.5000E-06,,
+937.0000E-06,,
+937.5000E-06,,
+938.0000E-06,,
+938.5000E-06,,
+939.0000E-06,,
+939.5000E-06,,
+940.0000E-06,,
+940.5000E-06,,
+941.0000E-06,,
+941.5000E-06,,
+942.0000E-06,,
+942.5000E-06,,
+943.0000E-06,,
+943.5000E-06,,
+944.0000E-06,,
+944.5000E-06,,
+945.0000E-06,,
+945.5000E-06,,
+946.0000E-06,,
+946.5000E-06,,
+947.0000E-06,,
+947.5000E-06,,
+948.0000E-06,,
+948.5000E-06,,
+949.0000E-06,,
+949.5000E-06,,
+950.0000E-06,,
+950.5000E-06,,
+951.0000E-06,,
+951.5000E-06,,
+952.0000E-06,,
+952.5000E-06,,
+953.0000E-06,,
+953.5000E-06,,
+954.0000E-06,,
+954.5000E-06,,
+955.0000E-06,,
+955.5000E-06,,
+956.0000E-06,,
+956.5000E-06,,
+957.0000E-06,,
+957.5000E-06,,
+958.0000E-06,,
+958.5000E-06,,
+959.0000E-06,,
+959.5000E-06,,
+960.0000E-06,,
+960.5000E-06,,
+961.0000E-06,,
+961.5000E-06,,
+962.0000E-06,,
+962.5000E-06,,
+963.0000E-06,,
+963.5000E-06,,
+964.0000E-06,,
+964.5000E-06,,
+965.0000E-06,,
+965.5000E-06,,
+966.0000E-06,,
+966.5000E-06,,
+967.0000E-06,,
+967.5000E-06,,
+968.0000E-06,,
+968.5000E-06,,
+969.0000E-06,,
+969.5000E-06,,
+970.0000E-06,,
+970.5000E-06,,
+971.0000E-06,,
+971.5000E-06,,
+972.0000E-06,,
+972.5000E-06,,
+973.0000E-06,,
+973.5000E-06,,
+974.0000E-06,,
+974.5000E-06,,
+975.0000E-06,,
+975.5000E-06,,
+976.0000E-06,,
+976.5000E-06,,
+977.0000E-06,,
+977.5000E-06,,
+978.0000E-06,,
+978.5000E-06,,
+979.0000E-06,,
+979.5000E-06,,
+980.0000E-06,,
+980.5000E-06,,
+981.0000E-06,,
+981.5000E-06,,
+982.0000E-06,,
+982.5000E-06,,
+983.0000E-06,,
+983.5000E-06,,
+984.0000E-06,,
+984.5000E-06,,
+985.0000E-06,,
+985.5000E-06,,
+986.0000E-06,,
+986.5000E-06,,
+987.0000E-06,,
+987.5000E-06,,
+988.0000E-06,,
+988.5000E-06,,
+989.0000E-06,,
+989.5000E-06,,
+990.0000E-06,,
+990.5000E-06,,
+991.0000E-06,,
+991.5000E-06,,
+992.0000E-06,,
+992.5000E-06,,
+993.0000E-06,,
+993.5000E-06,,
+994.0000E-06,,
+994.5000E-06,,
+995.0000E-06,,
+995.5000E-06,,
+996.0000E-06,,
+996.5000E-06,,
+997.0000E-06,,
+997.5000E-06,,
+998.0000E-06,,
+998.5000E-06,,
+999.0000E-06,,
+999.5000E-06,,
